IoU,Precision,Recall,F1,AP
0.5,0.8687902919984831,0.8327880770628863,0.8504083147735709,0.8121600740083905
0.6,0.8433826317785362,0.8084332969829153,0.8255382331106161,0.8200361711515797
0.7,0.7667804323094426,0.7350054525627044,0.7505567928730512,0.8360317241544186
0.8,0.5635191505498672,0.5401672119229372,0.5515961395694136,0.863460889895864
0.9,0.09101251422070535,0.08724100327153762,0.08908685968819599,0.9166598498821259
