IoU,Precision,Recall,F1,AP
0.5,0.8166600239139099,0.7625604763676963,0.7886836027713626,0.7884242
0.6,0.7684336388999602,0.7175288425753629,0.7421093148575828,0.80324835
0.7,0.6675966520526107,0.6233717901004838,0.6447267128560431,0.8255642
0.8,0.44878437624551615,0.4190547078526237,0.4334103156274057,0.8591457
0.9,0.06098047030689518,0.056940826200223296,0.05889145496535797,0.91590685
